<?xml version="1.0" encoding="UTF-8"?>
<project basedir="." default="build-service" name="RNS-SOL3">
	<description>
			Script for RNS Assignment 3 solution
	</description>
	
	<!-- properties -->
	<property name="custom.dir" location="${basedir}/custom"/>
	<property name="build.dir" location="${basedir}/build"/>
	<property name="schema.dir" location="${basedir}/xsd" />
	<property name="gen.src" location="${basedir}/gen-src"/>
	<property name="src" location="${basedir}/src"/>
	<property name="pack1" value="it.polito.dp2.RNS.sol1.jaxb"/>
	<property name="pack2" value="it.polito.dp2.RNS.rest.jaxb"/>
	<property name="lib.dir" value="${basedir}/lib"/>
	<property name="shared.location" location="/opt/dp2/shared"/>
	<property name="ext.lib.dir" location="${shared.location}/lib" />
	<property name="adm.dir" location="${basedir}/src/it/polito/dp2/RNS/sol3/admClient" />
	<property name="veh.dir" location="${basedir}/src/it/polito/dp2/RNS/sol3/vehClient" />
	<property name="ser.dir" location="${basedir}/src/it/polito/dp2/RNS/sol3/service" />
		
	
	<!-- The classpath to be used for compilation of the solution -->
	<path id="RNS.classpath">
		<fileset dir="${lib.dir}">
			<include name="**/*.jar"/>
		</fileset>
		<fileset dir="${ext.lib.dir}">
			<include name="**/*.jar"/>
		</fileset>
	</path>
	
	<!-- generate bindings -->
	<target name="generate-bindings">
		<mkdir dir="${gen.src}" />
		<mkdir dir="${build.dir}"/>
		<exec executable="xjc" failonerror="true">
			<arg value="-d" />
			<arg value="${gen.src}" />
			<arg value="-p" />
			<arg value="${pack1}" />
			<arg value="${schema.dir}/rnsInfo.xsd" />
		</exec>
		<exec executable="xjc" failonerror="true">
			<arg value="-d" />
			<arg value="${gen.src}" />
			<arg value="-p" />
			<arg value="${pack2}" />
			<arg value="${custom.dir}/DataTypes.xsd" />
		</exec>
	</target>
	
	
	<!-- build service -->
	<target name="build-service" depends="generate-bindings">
		<echo message="Compiling ${pack1} and ${pack2}"/>
		<javac destdir="${build.dir}" debug="on" includeantruntime="false">
			<src path="${gen.src}" />
			<classpath refid="RNS.classpath"/>
		</javac>
		
		<javac destdir="${build.dir}" debug="on" includeantruntime="false">
			<src path="${src}" />
			<classpath>
				<path refid="RNS.classpath" />
			</classpath>
		</javac>
	</target>
	
	<!-- build client -->
	<target name="build-client" depends="generate-bindings">
		<javac destdir="${build.dir}" debug="on" includeantruntime="false">
			<src path="${src}" />
			<classpath>
				<path refid="RNS.classpath" />
			</classpath>
		</javac>
	</target>
	
	
	
	
	<!--<target name="build-client" depends="generate-bindings,build">
		<echo>build-client done</echo>
	</target>
	
	<target name="build">
		<javac destdir="${build.dir}" debug="on" includeantruntime="false">
				<src path="${src}" />
				<classpath>
					<path refid="RNS.classpath" />
				</classpath>
			</javac>
	</target>-->


</project>
